-- phpMyAdmin SQL Dump
-- version 4.8.4
-- https://www.phpmyadmin.net/
--
-- Host: 127.0.0.1
-- Waktu pembuatan: 31 Okt 2023 pada 16.52
-- Versi server: 10.1.37-MariaDB
-- Versi PHP: 5.6.40

SET SQL_MODE = "NO_AUTO_VALUE_ON_ZERO";
SET AUTOCOMMIT = 0;
START TRANSACTION;
SET time_zone = "+00:00";


/*!40101 SET @OLD_CHARACTER_SET_CLIENT=@@CHARACTER_SET_CLIENT */;
/*!40101 SET @OLD_CHARACTER_SET_RESULTS=@@CHARACTER_SET_RESULTS */;
/*!40101 SET @OLD_COLLATION_CONNECTION=@@COLLATION_CONNECTION */;
/*!40101 SET NAMES utf8mb4 */;

--
-- Database: `db_saw`
--

-- --------------------------------------------------------

--
-- Struktur dari tabel `saw_alternatives`
--

CREATE TABLE `saw_alternatives` (
  `id_alternative` smallint(5) UNSIGNED NOT NULL,
  `name` varchar(30) NOT NULL
) ENGINE=MyISAM DEFAULT CHARSET=latin1;

--
-- Dumping data untuk tabel `saw_alternatives`
--

INSERT INTO `saw_alternatives` (`id_alternative`, `name`) VALUES
(1, 'Rizky Boy'),
(2, 'Azwar Pramudhito'),
(3, 'Diana Damayanti'),
(4, 'Raihana');

-- --------------------------------------------------------

--
-- Struktur dari tabel `saw_criterias`
--

CREATE TABLE `saw_criterias` (
  `id_criteria` tinyint(3) UNSIGNED NOT NULL,
  `criteria` varchar(100) NOT NULL,
  `weight` float NOT NULL,
  `attribute` set('benefit','cost') DEFAULT NULL
) ENGINE=MyISAM DEFAULT CHARSET=latin1;

--
-- Dumping data untuk tabel `saw_criterias`
--

INSERT INTO `saw_criterias` (`id_criteria`, `criteria`, `weight`, `attribute`) VALUES
(1, 'Penguasaan Aspek Teknis', 3, 'benefit'),
(2, 'Pengalaman Kerja', 5, 'cost'),
(3, 'Interpersonal Skill', 4, 'cost'),
(4, 'Usia', 4, 'cost'),
(5, 'Staus Perkawainan', 5, 'benefit');

-- --------------------------------------------------------

--
-- Struktur dari tabel `saw_evaluations`
--

CREATE TABLE `saw_evaluations` (
  `id_alternative` smallint(5) UNSIGNED NOT NULL,
  `id_criteria` tinyint(3) UNSIGNED NOT NULL,
  `value` float NOT NULL
) ENGINE=MyISAM DEFAULT CHARSET=latin1;

--
-- Dumping data untuk tabel `saw_evaluations`
--

INSERT INTO `saw_evaluations` (`id_alternative`, `id_criteria`, `value`) VALUES
(1, 5, 25),
(1, 4, 10),
(1, 3, 12),
(1, 2, 200),
(1, 1, 2500),
(2, 5, 15),
(2, 4, 7),
(2, 3, 10),
(2, 2, 145),
(2, 1, 1950),
(3, 5, 14),
(3, 4, 6.5),
(3, 3, 13),
(3, 2, 160),
(3, 1, 1600),
(4, 5, 22),
(4, 4, 9),
(4, 3, 9),
(4, 2, 170),
(4, 1, 2100);

-- --------------------------------------------------------

--
-- Struktur dari tabel `saw_users`
--

CREATE TABLE `saw_users` (
  `id_user` int(11) NOT NULL,
  `username` varchar(50) DEFAULT NULL,
  `password` varchar(150) DEFAULT NULL
) ENGINE=InnoDB DEFAULT CHARSET=latin1;

--
-- Dumping data untuk tabel `saw_users`
--

INSERT INTO `saw_users` (`id_user`, `username`, `password`) VALUES
(1, 'admin', '21232f297a57a5a743894a0e4a801fc3');

--
-- Indexes for dumped tables
--

--
-- Indeks untuk tabel `saw_alternatives`
--
ALTER TABLE `saw_alternatives`
  ADD PRIMARY KEY (`id_alternative`);

--
-- Indeks untuk tabel `saw_criterias`
--
ALTER TABLE `saw_criterias`
  ADD PRIMARY KEY (`id_criteria`);

--
-- Indeks untuk tabel `saw_evaluations`
--
ALTER TABLE `saw_evaluations`
  ADD PRIMARY KEY (`id_alternative`,`id_criteria`);

--
-- Indeks untuk tabel `saw_users`
--
ALTER TABLE `saw_users`
  ADD PRIMARY KEY (`id_user`);

--
-- AUTO_INCREMENT untuk tabel yang dibuang
--

--
-- AUTO_INCREMENT untuk tabel `saw_alternatives`
--
ALTER TABLE `saw_alternatives`
  MODIFY `id_alternative` smallint(5) UNSIGNED NOT NULL AUTO_INCREMENT, AUTO_INCREMENT=9;

--
-- AUTO_INCREMENT untuk tabel `saw_users`
--
ALTER TABLE `saw_users`
  MODIFY `id_user` int(11) NOT NULL AUTO_INCREMENT, AUTO_INCREMENT=2;
COMMIT;

/*!40101 SET CHARACTER_SET_CLIENT=@OLD_CHARACTER_SET_CLIENT */;
/*!40101 SET CHARACTER_SET_RESULTS=@OLD_CHARACTER_SET_RESULTS */;
/*!40101 SET COLLATION_CONNECTION=@OLD_COLLATION_CONNECTION */;
